Workbook

Sheet Summary
A1: Impact report: Alder actions tab: the zoning stage links passed rezonings to projects (action_matter_id) and the parcel cache
A2: Generated | B2: 2026-10-17 (windows end here)
A3: Before | B3: commit 45d5faf, dry run on the same cached permit pull; generated 2026-10-17
A4: After | B4: data/fixtures/snapshot.json; generated 2026-10-17
A5: Commit | B5: 45d5faf plus uncommitted changes in 46 files
A7: Last 12 months (2025-10-17 to 2026-10-17)
A8: Chicago | B8: Before | C8: After | D8: Change
A9: Gross units | B9: ='Wards (last 12 months)'!D52 -> 4953 | C9: ='Wards (last 12 months)'!E52 -> 4953 | D9: =C9-B9 -> 0
A10: Lost units | B10: ='Wards (last 12 months)'!G52 -> 628 | C10: ='Wards (last 12 months)'!H52 -> 628 | D10: =C10-B10 -> 0
A11: Net units | B11: ='Wards (last 12 months)'!J52 -> 4325 | C11: ='Wards (last 12 months)'!K52 -> 4325 | D11: =C11-B11 -> 0
A12: Net per 1,000 existing units | B12: ='Wards (last 12 months)'!M52 -> 3.3372944 | C12: ='Wards (last 12 months)'!N52 -> 3.3372944 | D12: =C12-B12 -> 0
A13: Counted projects | B13: ='Wards (last 12 months)'!P52 -> 1138 | C13: ='Wards (last 12 months)'!Q52 -> 1138 | D13: =C13-B13 -> 0
A14: Emergency units (shown, not counted) | B14: ='Wards (last 12 months)'!U52 -> 246 | C14: ='Wards (last 12 months)'!V52 -> 246 | D14: =C14-B14 -> 0
A16: This term (2023-05-15 to 2026-10-17)
A17: Chicago | B17: Before | C17: After | D17: Change
A18: Gross units | B18: ='Wards (this term)'!D52 -> 15553 | C18: ='Wards (this term)'!E52 -> 15553 | D18: =C18-B18 -> 0
A19: Lost units | B19: ='Wards (this term)'!G52 -> 2076 | C19: ='Wards (this term)'!H52 -> 2075 | D19: =C19-B19 -> -1
A20: Net units | B20: ='Wards (this term)'!J52 -> 13477 | C20: ='Wards (this term)'!K52 -> 13478 | D20: =C20-B20 -> 1
A21: Net per 1,000 existing units | B21: ='Wards (this term)'!M52 -> 10.399241 | C21: ='Wards (this term)'!N52 -> 10.400012 | D21: =C21-B21 -> 0.00077162875
A22: Counted projects | B22: ='Wards (this term)'!P52 -> 3649 | C22: ='Wards (this term)'!Q52 -> 3649 | D22: =C22-B22 -> 0
A23: Emergency units (shown, not counted) | B23: ='Wards (this term)'!U52 -> 767 | C23: ='Wards (this term)'!V52 -> 767 | D23: =C23-B23 -> 0
A24: Largest ward moves, this term
A25: Ward 11, Nicole T. Lee | B25: net +132 to +133 | C25: rank 18 to 18
A27: Projects | B27: Count
A28: Changed (units, counted or kind) | B28: =COUNTIF(Projects!A:A,"changed") -> 2
A29: Regrouped (same address, permits regrouped) | B29: =COUNTIF(Projects!A:A,"regrouped") -> 0
A30: Removed (no longer a project) | B30: =COUNTIF(Projects!A:A,"removed") -> 0
A31: Added (a project only after) | B31: =COUNTIF(Projects!A:A,"added") -> 0
A33: Notes
A34: Before and after are two runs of the same pipeline. When both use the same permit pull, every difference is the rule change. When the pull dates differ, projects marked added or removed on the Projects sheet may be new permits rather than rule effects; changed projects are always rule effects.
A35: Last 12 months and this term are the two windows the site opens on. Gross, lost, net and rate follow docs/METHODOLOGY.md: rate is net per 1,000 existing units, from Cook County Assessor parcels (the Existing units column).
A36: Ranks are the site's: by rate, ties broken on net, then gross. They are written as values because that tie-break has no spreadsheet formula. Everything else that is derived (changes, totals, rates) is a formula.
A37: A removed project is one the new rules no longer make a project at all, for example a demolition that turned out to be a garage or a smokestack. An added project is the reverse.

Sheet Wards (last 12 months)
A1: Ward | B1: Alder | C1: Existing units (2020) | D1: Gross before | E1: Gross after | F1: Gross change | G1: Lost before | H1: Lost after | I1: Lost change | J1: Net before | K1: Net after | L1: Net change | M1: Rate before (net per 1,000) | N1: Rate after | O1: Rate change | P1: Counted projects before | Q1: Counted projects after | R1: Rank before | S1: Rank after | T1: Rank move (+ = up) | U1: Emergency units before (not counted) | V1: Emergency units after
A2: 27 | B2: Walter R. Burnett | C2: 33867 | D2: 725 | E2: 725 | F2: =E2-D2 -> 0 | G2: 25 | H2: 25 | I2: =H2-G2 -> 0 | J2: 700 | K2: 700 | L2: =K2-J2 -> 0 | M2: =IF(C2>0,J2/C2*1000,"") -> 20.669088 | N2: =IF(C2>0,K2/C2*1000,"") -> 20.669088 | O2: =IF(OR(M2="",N2=""),"",N2-M2) -> 0 | P2: 68 | Q2: 68 | R2: 1 | S2: 1 | T2: =R2-S2 -> 0 | U2: 7 | V2: 7
A3: 34 | B3: William Conway | C3: 42742 | D3: 682 | E3: 682 | F3: =E3-D3 -> 0 | G3: 1 | H3: 1 | I3: =H3-G3 -> 0 | J3: 681 | K3: 681 | L3: =K3-J3 -> 0 | M3: =IF(C3>0,J3/C3*1000,"") -> 15.932806 | N3: =IF(C3>0,K3/C3*1000,"") -> 15.932806 | O3: =IF(OR(M3="",N3=""),"",N3-M3) -> 0 | P3: 6 | Q3: 6 | R3: 2 | S3: 2 | T3: =R3-S3 -> 0 | U3: 0 | V3: 0
A4: 28 | B4: Jason C. Ervin | C4: 23699 | D4: 311 | E4: 311 | F4: =E4-D4 -> 0 | G4: 2 | H4: 2 | I4: =H4-G4 -> 0 | J4: 309 | K4: 309 | L4: =K4-J4 -> 0 | M4: =IF(C4>0,J4/C4*1000,"") -> 13.038525 | N4: =IF(C4>0,K4/C4*1000,"") -> 13.038525 | O4: =IF(OR(M4="",N4=""),"",N4-M4) -> 0 | P4: 59 | Q4: 59 | R4: 3 | S4: 3 | T4: =R4-S4 -> 0 | U4: 13 | V4: 13
A5: 1 | B5: Daniel La Spata | C5: 31159 | D5: 397 | E5: 397 | F5: =E5-D5 -> 0 | G5: 34 | H5: 34 | I5: =H5-G5 -> 0 | J5: 363 | K5: 363 | L5: =K5-J5 -> 0 | M5: =IF(C5>0,J5/C5*1000,"") -> 11.649925 | N5: =IF(C5>0,K5/C5*1000,"") -> 11.649925 | O5: =IF(OR(M5="",N5=""),"",N5-M5) -> 0 | P5: 66 | Q5: 66 | R5: 4 | S5: 4 | T5: =R5-S5 -> 0 | U5: 0 | V5: 0
A6: 32 | B6: Scott Waguespack | C6: 27933 | D6: 334 | E6: 334 | F6: =E6-D6 -> 0 | G6: 98 | H6: 98 | I6: =H6-G6 -> 0 | J6: 236 | K6: 236 | L6: =K6-J6 -> 0 | M6: =IF(C6>0,J6/C6*1000,"") -> 8.4487882 | N6: =IF(C6>0,K6/C6*1000,"") -> 8.4487882 | O6: =IF(OR(M6="",N6=""),"",N6-M6) -> 0 | P6: 85 | Q6: 85 | R6: 5 | S6: 5 | T6: =R6-S6 -> 0 | U6: 0 | V6: 0
A7: 24 | B7: Monique L. Scott | C7: 18790 | D7: 153 | E7: 153 | F7: =E7-D7 -> 0 | G7: 6 | H7: 6 | I7: =H7-G7 -> 0 | J7: 147 | K7: 147 | L7: =K7-J7 -> 0 | M7: =IF(C7>0,J7/C7*1000,"") -> 7.8233103 | N7: =IF(C7>0,K7/C7*1000,"") -> 7.8233103 | O7: =IF(OR(M7="",N7=""),"",N7-M7) -> 0 | P7: 60 | Q7: 60 | R7: 6 | S7: 6 | T7: =R7-S7 -> 0 | U7: 15 | V7: 15
A8: 3 | B8: Pat Dowell | C8: 33194 | D8: 247 | E8: 247 | F8: =E8-D8 -> 0 | G8: 0 | H8: 0 | I8: =H8-G8 -> 0 | J8: 247 | K8: 247 | L8: =K8-J8 -> 0 | M8: =IF(C8>0,J8/C8*1000,"") -> 7.4411038 | N8: =IF(C8>0,K8/C8*1000,"") -> 7.4411038 | O8: =IF(OR(M8="",N8=""),"",N8-M8) -> 0 | P8: 37 | Q8: 37 | R8: 7 | S8: 7 | T8: =R8-S8 -> 0 | U8: 2 | V8: 2
A9: 26 | B9: Jessica L. Fuentes | C9: 20670 | D9: 158 | E9: 158 | F9: =E9-D9 -> 0 | G9: 13 | H9: 13 | I9: =H9-G9 -> 0 | J9: 145 | K9: 145 | L9: =K9-J9 -> 0 | M9: =IF(C9>0,J9/C9*1000,"") -> 7.0149976 | N9: =IF(C9>0,K9/C9*1000,"") -> 7.0149976 | O9: =IF(OR(M9="",N9=""),"",N9-M9) -> 0 | P9: 32 | Q9: 32 | R9: 8 | S9: 8 | T9: =R9-S9 -> 0 | U9: 0 | V9: 0
A10: 25 | B10: Byron Sigcho-Lopez | C10: 19836 | D10: 123 | E10: 123 | F10: =E10-D10 -> 0 | G10: 8 | H10: 8 | I10: =H10-G10 -> 0 | J10: 115 | K10: 115 | L10: =K10-J10 -> 0 | M10: =IF(C10>0,J10/C10*1000,"") -> 5.7975398 | N10: =IF(C10>0,K10/C10*1000,"") -> 5.7975398 | O10: =IF(OR(M10="",N10=""),"",N10-M10) -> 0 | P10: 40 | Q10: 40 | R10: 9 | S10: 9 | T10: =R10-S10 -> 0 | U10: 0 | V10: 0
A11: 46 | B11: Angela Clay | C11: 36269 | D11: 192 | E11: 192 | F11: =E11-D11 -> 0 | G11: 9 | H11: 9 | I11: =H11-G11 -> 0 | J11: 183 | K11: 183 | L11: =K11-J11 -> 0 | M11: =IF(C11>0,J11/C11*1000,"") -> 5.0456313 | N11: =IF(C11>0,K11/C11*1000,"") -> 5.0456313 | O11: =IF(OR(M11="",N11=""),"",N11-M11) -> 0 | P11: 14 | Q11: 14 | R11: 10 | S11: 10 | T11: =R11-S11 -> 0 | U11: 0 | V11: 0
A12: 48 | B12: Leni Manaa-Hoppenworth | C12: 33333 | D12: 153 | E12: 153 | F12: =E12-D12 -> 0 | G12: 2 | H12: 2 | I12: =H12-G12 -> 0 | J12: 151 | K12: 151 | L12: =K12-J12 -> 0 | M12: =IF(C12>0,J12/C12*1000,"") -> 4.5300453 | N12: =IF(C12>0,K12/C12*1000,"") -> 4.5300453 | O12: =IF(OR(M12="",N12=""),"",N12-M12) -> 0 | P12: 11 | Q12: 11 | R12: 11 | S12: 11 | T12: =R12-S12 -> 0 | U12: 0 | V12: 0
A13: 20 | B13: Jeanette B. Taylor | C13: 23006 | D13: 93 | E13: 93 | F13: =E13-D13 -> 0 | G13: 2 | H13: 2 | I13: =H13-G13 -> 0 | J13: 91 | K13: 91 | L13: =K13-J13 -> 0 | M13: =IF(C13>0,J13/C13*1000,"") -> 3.9554899 | N13: =IF(C13>0,K13/C13*1000,"") -> 3.9554899 | O13: =IF(OR(M13="",N13=""),"",N13-M13) -> 0 | P13: 35 | Q13: 35 | R13: 12 | S13: 12 | T13: =R13-S13 -> 0 | U13: 13 | V13: 13
... A51: 5 | B51: Desmon C. Yancy | C51: 30778 | D51: 1 | E51: 1 | F51: =E51-D51 -> 0 | G51: 5 | H51: 5 | I51: =H51-G51 -> 0 | J51: -4 | K51: -4 | L51: =K51-J51 -> 0 | M51: =IF(C51>0,J51/C51*1000,"") -> -0.12996296 | N51: =IF(C51>0,K51/C51*1000,"") -> -0.12996296 | O51: =IF(OR(M51="",N51=""),"",N51-M51) -> 0 | P51: 5 | Q51: 5 | R51: 50 | S51: 50 | T51: =R51-S51 -> 0 | U51: 3 | V51: 3
A52: Chicago | C52: =SUM(C2:C51) -> 1295960 | D52: =SUM(D2:D51) -> 4953 | E52: =SUM(E2:E51) -> 4953 | F52: =E52-D52 -> 0 | G52: =SUM(G2:G51) -> 628 | H52: =SUM(H2:H51) -> 628 | I52: =H52-G52 -> 0 | J52: =SUM(J2:J51) -> 4325 | K52: =SUM(K2:K51) -> 4325 | L52: =K52-J52 -> 0 | M52: =IF(C52>0,J52/C52*1000,"") -> 3.3372944 | N52: =IF(C52>0,K52/C52*1000,"") -> 3.3372944 | O52: =IF(OR(M52="",N52=""),"",N52-M52) -> 0 | P52: =SUM(P2:P51) -> 1138 | Q52: =SUM(Q2:Q51) -> 1138 | U52: =SUM(U2:U51) -> 246 | V52: =SUM(V2:V51) -> 246

Sheet Wards (this term)
A1: Ward | B1: Alder | C1: Existing units (2020) | D1: Gross before | E1: Gross after | F1: Gross change | G1: Lost before | H1: Lost after | I1: Lost change | J1: Net before | K1: Net after | L1: Net change | M1: Rate before (net per 1,000) | N1: Rate after | O1: Rate change | P1: Counted projects before | Q1: Counted projects after | R1: Rank before | S1: Rank after | T1: Rank move (+ = up) | U1: Emergency units before (not counted) | V1: Emergency units after
A2: 27 | B2: Walter R. Burnett | C2: 33867 | D2: 2763 | E2: 2763 | F2: =E2-D2 -> 0 | G2: 38 | H2: 38 | I2: =H2-G2 -> 0 | J2: 2725 | K2: 2725 | L2: =K2-J2 -> 0 | M2: =IF(C2>0,J2/C2*1000,"") -> 80.461806 | N2: =IF(C2>0,K2/C2*1000,"") -> 80.461806 | O2: =IF(OR(M2="",N2=""),"",N2-M2) -> 0 | P2: 184 | Q2: 184 | R2: 1 | S2: 1 | T2: =R2-S2 -> 0 | U2: 13 | V2: 13
A3: 3 | B3: Pat Dowell | C3: 33194 | D3: 1069 | E3: 1069 | F3: =E3-D3 -> 0 | G3: 3 | H3: 3 | I3: =H3-G3 -> 0 | J3: 1066 | K3: 1066 | L3: =K3-J3 -> 0 | M3: =IF(C3>0,J3/C3*1000,"") -> 32.114238 | N3: =IF(C3>0,K3/C3*1000,"") -> 32.114238 | O3: =IF(OR(M3="",N3=""),"",N3-M3) -> 0 | P3: 110 | Q3: 110 | R3: 2 | S3: 2 | T3: =R3-S3 -> 0 | U3: 9 | V3: 9
A4: 34 | B4: William Conway | C4: 42742 | D4: 1372 | E4: 1372 | F4: =E4-D4 -> 0 | G4: 18 | H4: 18 | I4: =H4-G4 -> 0 | J4: 1354 | K4: 1354 | L4: =K4-J4 -> 0 | M4: =IF(C4>0,J4/C4*1000,"") -> 31.678443 | N4: =IF(C4>0,K4/C4*1000,"") -> 31.678443 | O4: =IF(OR(M4="",N4=""),"",N4-M4) -> 0 | P4: 27 | Q4: 27 | R4: 3 | S4: 3 | T4: =R4-S4 -> 0 | U4: 0 | V4: 0
A5: 28 | B5: Jason C. Ervin | C5: 23699 | D5: 580 | E5: 580 | F5: =E5-D5 -> 0 | G5: 13 | H5: 13 | I5: =H5-G5 -> 0 | J5: 567 | K5: 567 | L5: =K5-J5 -> 0 | M5: =IF(C5>0,J5/C5*1000,"") -> 23.92506 | N5: =IF(C5>0,K5/C5*1000,"") -> 23.92506 | O5: =IF(OR(M5="",N5=""),"",N5-M5) -> 0 | P5: 104 | Q5: 104 | R5: 4 | S5: 4 | T5: =R5-S5 -> 0 | U5: 54 | V5: 54
A6: 1 | B6: Daniel La Spata | C6: 31159 | D6: 768 | E6: 768 | F6: =E6-D6 -> 0 | G6: 160 | H6: 160 | I6: =H6-G6 -> 0 | J6: 608 | K6: 608 | L6: =K6-J6 -> 0 | M6: =IF(C6>0,J6/C6*1000,"") -> 19.512821 | N6: =IF(C6>0,K6/C6*1000,"") -> 19.512821 | O6: =IF(OR(M6="",N6=""),"",N6-M6) -> 0 | P6: 235 | Q6: 235 | R6: 5 | S6: 5 | T6: =R6-S6 -> 0 | U6: 0 | V6: 0
A7: 20 | B7: Jeanette B. Taylor | C7: 23006 | D7: 454 | E7: 454 | F7: =E7-D7 -> 0 | G7: 18 | H7: 18 | I7: =H7-G7 -> 0 | J7: 436 | K7: 436 | L7: =K7-J7 -> 0 | M7: =IF(C7>0,J7/C7*1000,"") -> 18.951578 | N7: =IF(C7>0,K7/C7*1000,"") -> 18.951578 | O7: =IF(OR(M7="",N7=""),"",N7-M7) -> 0 | P7: 175 | Q7: 175 | R7: 6 | S7: 6 | T7: =R7-S7 -> 0 | U7: 42 | V7: 42
A8: 24 | B8: Monique L. Scott | C8: 18790 | D8: 351 | E8: 351 | F8: =E8-D8 -> 0 | G8: 18 | H8: 18 | I8: =H8-G8 -> 0 | J8: 333 | K8: 333 | L8: =K8-J8 -> 0 | M8: =IF(C8>0,J8/C8*1000,"") -> 17.722193 | N8: =IF(C8>0,K8/C8*1000,"") -> 17.722193 | O8: =IF(OR(M8="",N8=""),"",N8-M8) -> 0 | P8: 156 | Q8: 156 | R8: 7 | S8: 7 | T8: =R8-S8 -> 0 | U8: 41 | V8: 41
A9: 25 | B9: Byron Sigcho-Lopez | C9: 19836 | D9: 370 | E9: 370 | F9: =E9-D9 -> 0 | G9: 31 | H9: 31 | I9: =H9-G9 -> 0 | J9: 339 | K9: 339 | L9: =K9-J9 -> 0 | M9: =IF(C9>0,J9/C9*1000,"") -> 17.090139 | N9: =IF(C9>0,K9/C9*1000,"") -> 17.090139 | O9: =IF(OR(M9="",N9=""),"",N9-M9) -> 0 | P9: 102 | Q9: 102 | R9: 8 | S9: 8 | T9: =R9-S9 -> 0 | U9: 8 | V9: 8
A10: 32 | B10: Scott Waguespack | C10: 27933 | D10: 816 | E10: 816 | F10: =E10-D10 -> 0 | G10: 346 | H10: 346 | I10: =H10-G10 -> 0 | J10: 470 | K10: 470 | L10: =K10-J10 -> 0 | M10: =IF(C10>0,J10/C10*1000,"") -> 16.825976 | N10: =IF(C10>0,K10/C10*1000,"") -> 16.825976 | O10: =IF(OR(M10="",N10=""),"",N10-M10) -> 0 | P10: 315 | Q10: 315 | R10: 9 | S10: 9 | T10: =R10-S10 -> 0 | U10: 0 | V10: 0
A11: 26 | B11: Jessica L. Fuentes | C11: 20670 | D11: 381 | E11: 381 | F11: =E11-D11 -> 0 | G11: 44 | H11: 44 | I11: =H11-G11 -> 0 | J11: 337 | K11: 337 | L11: =K11-J11 -> 0 | M11: =IF(C11>0,J11/C11*1000,"") -> 16.303822 | N11: =IF(C11>0,K11/C11*1000,"") -> 16.303822 | O11: =IF(OR(M11="",N11=""),"",N11-M11) -> 0 | P11: 90 | Q11: 90 | R11: 10 | S11: 10 | T11: =R11-S11 -> 0 | U11: 9 | V11: 9
A12: 47 | B12: Matthew J. Martin | C12: 30483 | D12: 765 | E12: 765 | F12: =E12-D12 -> 0 | G12: 279 | H12: 279 | I12: =H12-G12 -> 0 | J12: 486 | K12: 486 | L12: =K12-J12 -> 0 | M12: =IF(C12>0,J12/C12*1000,"") -> 15.943313 | N12: =IF(C12>0,K12/C12*1000,"") -> 15.943313 | O12: =IF(OR(M12="",N12=""),"",N12-M12) -> 0 | P12: 308 | Q12: 308 | R12: 11 | S12: 11 | T12: =R12-S12 -> 0 | U12: 4 | V12: 4
A13: 48 | B13: Leni Manaa-Hoppenworth | C13: 33333 | D13: 532 | E13: 532 | F13: =E13-D13 -> 0 | G13: 14 | H13: 14 | I13: =H13-G13 -> 0 | J13: 518 | K13: 518 | L13: =K13-J13 -> 0 | M13: =IF(C13>0,J13/C13*1000,"") -> 15.540155 | N13: =IF(C13>0,K13/C13*1000,"") -> 15.540155 | O13: =IF(OR(M13="",N13=""),"",N13-M13) -> 0 | P13: 51 | Q13: 51 | R13: 12 | S13: 12 | T13: =R13-S13 -> 0 | U13: 0 | V13: 0
... A51: 13 | B51: Marty Quinn | C51: 18500 | D51: 5 | E51: 5 | F51: =E51-D51 -> 0 | G51: 6 | H51: 6 | I51: =H51-G51 -> 0 | J51: -1 | K51: -1 | L51: =K51-J51 -> 0 | M51: =IF(C51>0,J51/C51*1000,"") -> -0.054054054 | N51: =IF(C51>0,K51/C51*1000,"") -> -0.054054054 | O51: =IF(OR(M51="",N51=""),"",N51-M51) -> 0 | P51: 10 | Q51: 10 | R51: 50 | S51: 50 | T51: =R51-S51 -> 0 | U51: 8 | V51: 8
A52: Chicago | C52: =SUM(C2:C51) -> 1295960 | D52: =SUM(D2:D51) -> 15553 | E52: =SUM(E2:E51) -> 15553 | F52: =E52-D52 -> 0 | G52: =SUM(G2:G51) -> 2076 | H52: =SUM(H2:H51) -> 2075 | I52: =H52-G52 -> -1 | J52: =SUM(J2:J51) -> 13477 | K52: =SUM(K2:K51) -> 13478 | L52: =K52-J52 -> 1 | M52: =IF(C52>0,J52/C52*1000,"") -> 10.399241 | N52: =IF(C52>0,K52/C52*1000,"") -> 10.400012 | O52: =IF(OR(M52="",N52=""),"",N52-M52) -> 0.00077162875 | P52: =SUM(P2:P51) -> 3649 | Q52: =SUM(Q2:Q51) -> 3649 | U52: =SUM(U2:U51) -> 767 | V52: =SUM(V2:V51) -> 767

Sheet Projects
A1: Status | B1: Ward | C1: Address | D1: Kind | E1: Permit date | F1: Units before | G1: Units after | H1: Units change | I1: Counted before | J1: Counted after | K1: Flags before | L1: Flags after | M1: Permit | N1: Description
A2: changed | B2: 11 | C2: 3001 S QUINN ST | D2: new_construction | E2: 2025-06-10 | F2: 0 | G2: 1 | H2: =N(G2)-N(F2) -> 1 | I2: yes | J2: yes | K2: replaces | M2: 101061058 | N2: SELF-CERT 2019 CBRC: FULL BUILDING PERMIT FOR 3 STORY (NO BASEMENT) SINGLE UNIT RESIDENCE. EXISTING GARAGE CONTAINING 2 PARKING SPACES TO REMAIN. STRUCTURAL PEE
A3: changed | B3: 11 | C3: 3001 S QUINN ST | D3: demolition | E3: 2025-05-29 | F3: -1 | G3: 0 | H3: =N(G3)-N(F3) -> 1 | I3: no | J3: no | K3: merged, assessor_units, summed_parcels | L3: not_counted, assessor_units | M3: B101066333 | N3: WRECK AND REMOVE A 2 STORY FRAME RESIDENCE

Sheet Changes
A1: What changed
A2: Alder actions tab: the zoning stage links passed rezonings to projects (action_matter_id) and the parcel cache gains ward and lot lookups; no permit count or rank changes.
A4: Files
A5: .github/workflows/nightly-etl.yml | 21 ++++++-
A6: .gitignore | 2 +
A7: AGENTS.md | 23 ++++++-
A8: README.md | 17 ++++--
A9: app/page.tsx | 10 ++-
A10: app/ward/[n]/page.tsx | 35 ++++++++++-
A11: components/ControlsForm.tsx | 10 +--
A12: components/MobileSort.tsx | 23 +++----
A13: components/RankingTable.tsx | 20 +++---
... A29: 24 files changed, 535 insertions(+), 76 deletions(-)
